Ime,Prezime,Spol,Datum roenja,Mobitel,Adresa,Mjesto
tefica,Ostoji,,17.3.1937,091/7121688,Redovka 9,Zagreb
Ivan,Kuan,M,19.7.1979,098/1667148,Marinoveka 12,Zagreb
Hrvoje,Radi,M,6.6.1944,098/7317883,Dore Pejaevi 28,Zagreb
Vjeran,Deli,M,2.3.1978,022/4672651,Banovski Put 11,Zagreb
Filip,Pavlovi,M,28.3.1939,092/6058667,Sitnice 24,Zagreb
Elena,Mandi,,25.9.1992,098/6248116,Rebrovac 23,Zagreb
Dinko,Kovaevi,M,13.11.1940,021/2727852,Martinci 28,Zagreb
Vjeran,Kuec,M,13.3.1978,01/9155118,Donadinieva 30,Zagreb
Marina,Milinovi,,12.12.1961,099/6669101,"Raosa, Ivana 4",Zagreb
Katarina,Cindri,,9.7.1991,022/4547668,Ratarska 11,Zagreb
Josip,Bonjak,M,25.4.1951,099/2720846,Andraeveka 8,Zagreb
Ivana,Mandi,,27.8.1980,01/73442610,Severi 4,Zagreb
Katarina,Grgi,,16.5.1943,098/6539595,Ravnice 25,Zagreb
Vjeran,Rukavina,M,27.5.1959,031/6298645,Remetinec 11,Zagreb
tefica,Radi,,21.3.1955,021/3197918,Dragozetika 2,Zagreb
Mirka,poljari,,11.6.1957,031/2887741,Doneca Ivana 4,Zagreb
Goran,Milinovi,M,4.9.1954,042/1331138,Martieva 12,Zagreb
Lino,Kui,M,10.5.1960,021/4133537,Ribnjak 27,Zagreb
Kristina,Novosel,,21.6.1937,031/5618736,Sakaeva 31,Zagreb
Saa,Lui,M,8.6.1974,022/7612321,Markoviev Brijeg 21,Zagreb
Kristina,Gali,,27.3.1962,021/1019527,Rakeki 16,Zagreb
Petra,Babi,,18.5.1975,01/4099326,Martijaneka 27,Zagreb
Davor,Vukovi,M,27.7.1948,091/2187950,"Andria, Ive 13",Zagreb
Petra,Mari,,15.2.1983,099/6347122,Rudina 22,Zagreb
Ana,Vukovi,,20.11.1978,098/7492266,Martinovski Put 13,Zagreb
Katarina,Vuki,,8.11.1970,092/3128407,Drnika 5,Zagreb
Rajka,Jovi,,16.10.1943,092/5073471,"Ratkaja, Jurja 5",Zagreb
Josip,Blaevi,M,2.6.1991,01/8082961,Ribnjak 17,Zagreb
Zdenka,Cindri,,21.9.1940,040/4598422,Badljevinski Put 21,Zagreb
Josipa,Messi,,4.10.1959,091/9668354,Ravnogorska 23,Zagreb
Kreimir,Lovri,M,21.4.1940,091/6097983,Rep. Austrije 3,Zagreb
Gordan,Babi,M,2.7.1948,095/2383973,Rebar 12,Zagreb
Hrvoje,Vuk ,M,1.10.1991,021/5415982,Dramaljska 3,Zagreb
Zdenko,Lui,M,2.6.1943,022/5229725,Rimski Put 28,Zagreb
eljka,Lui,,21.9.1942,092/1062860,Markulinska Draga 24,Zagreb
Ivana,Ili,,24.8.1940,098/6754957,Sirkovina 3,Zagreb
Saa,Vidovi,M,9.2.1992,032/9465837,Dravogradski Put 29,Zagreb
Ena,Grgi,,15.11.1955,040/6192744,Ramska 25,Zagreb
Tanja,Petrovi,,9.7.1987,091/5927668,Draga 18,Zagreb
Helena,Mati,,7.9.1987,020/6181791,Remetinec 4,Zagreb
tefica,Mati,,2.9.1973,021/5121748,Remetineki Gaj 18,Zagreb
Sonja,Petrovi,,23.8.1938,099/2686284,Rakoveva 3,Zagreb
Marina,Kovai,,25.9.1947,020/7722698,Sandelii 9,Zagreb
Aleksandar,Blaevi,M,12.1.1938,099/6410274,Remetineki Gaj 8,Zagreb
Lino,Ostoji,M,3.8.1948,021/6815725,Romaa 28,Zagreb
Sonja,Juki,,2.9.1951,040/9261213,Remetineki Gaj 6,Zagreb
Alen,Kova ,M,6.8.1973,042/8010639,Remetinekih rt. 25,Zagreb
Hrvoje,Blaevi,M,25.3.1984,021/1679151,Matije Gupca 11,Zagreb
Ena,Filipovi,,26.2.1976,020/3112764,Reber Odvojak 12,Zagreb
Josip,ari,M,11.11.1952,032/6376345,Sirkovina 3,Zagreb
Jurica,Kovaevi,M,25.2.1943,091/4816653,Banovski Put 10,Zagreb
Jelena,Vidovi,,10.8.1986,031/9513363,Sedinii Odvojak 18,Zagreb
Aleksandar,Popovi,M,9.8.1990,091/7093315,Andriloveka 12,Zagreb
Elena,Bonjak,,13.6.1984,021/7668111,"Dragania, S. 27",Zagreb
Sanja,Tomi,,26.4.1969,042/8588251,"Raia, Josipa 3",Zagreb
Jan,Petrovi,M,1.9.1978,098/9955574,Skenderi 11,Zagreb
Stipe,Gali,M,28.2.1982,091/9278488,Anina Grana 30,Zagreb
Anita,poljari,,25.10.1939,092/8148548,Antoljaki 7,Zagreb
Mirka,Novak,,21.6.1966,022/7459437,Remetinekih rt. 6,Zagreb
Dragica,Smoli,,27.5.1957,032/4190892,Rendieva 29,Zagreb
Anita,Perkovi,,12.2.1951,01/32195510,Radeika 1,Zagreb
Katarina,Kova ,,17.2.1992,095/2786751,Donjopoljska 4,Zagreb
Gordan,Matekovi,M,29.13.1984,021/9340143,Marueveka 10,Zagreb
Romana,Mandi,,12.4.1975,031/3436218,Markoviev Trg 3,Zagreb
Jurica,Vuk ,M,27.10.1976,095/8679758,Rugvika 17,Zagreb
eljko,Gali,M,26.7.1937,091/8278942,"Andria, Ive 19",Zagreb
Filip,Pavi,M,26.4.1946,091/3727802,Skoki 15,Zagreb
Jan,Messi,M,8.2.1976,099/6621735,Resniki Gaj 1 23,Zagreb
Radmila,Bonjak,,15.10.1977,020/3982852,Antolkovii 1,Zagreb
eljko,ari,M,7.4.1972,095/74971010,Apatinska 21,Zagreb
Ena,Bili,,24.9.1950,01/4613929,Rusanova 19,Zagreb
Mirko,Vukovi,M,13.4.1957,020/3482885,Antolia Filipa 15,Zagreb
Kristina,Milinovi,,14.9.1981,020/4174332,Maieva 16,Zagreb
Josipa,Messi,,16.8.1980,092/2324496,Matoiceva Ulica 25,Zagreb
Goran,Bili,M,18.12.1949,022/4889509,Raveneki Gaj 7,Zagreb
Mirko,Deli,M,27.9.1941,092/2672237,Dotorinska 28,Zagreb
Marko,Lovri,M,2.7.1995,020/3614289,"Alia, Saliha 14",Zagreb
Ana,Popovi,,10.1.1956,040/3177802,Matunov Odvojak 27,Zagreb
Vjeran,Nikoli,M,17.9.1958,040/5748286,Siverika 7,Zagreb
Marko,Pavlovi,M,8.4.1945,091/7275710,Rujnika 2,Zagreb
Marina,Kovaevi,,23.9.1947,091/5770871,Mariev Prolaz 8,Zagreb
Zdenka,Ili,,20.3.1963,021/3756876,Saljska 2,Zagreb
Elena,Vuki,,22.7.1967,020/5744593,Anke Krizmani 23,Zagreb
Tanja,Kovi,,12.6.1978,042/6865633,Rubetieva 3,Zagreb
tefica,Novak,,17.11.1974,01/8549906,Siverika 13,Zagreb
Kreimir,Bonjak,M,24.9.1983,040/4838518,Roatska 6,Zagreb
Jana,Lovri,,23.3.1980,021/2971658,Rakaljska 9,Zagreb
Ivica,Peri,M,21.2.1994,022/5420193,Sandelii 28,Zagreb
Draen,Pavlovi,M,7.9.1941,032/8368426,Sarajevska Cesta 4,Zagreb
Draen,Babi,M,23.11.1986,091/1411678,Bademovac 19,Zagreb
Lino,Kovi,M,22.7.1991,021/4617816,Rosulja 27,Zagreb
Ivana,Vuk ,,16.13.1946,092/1540448,Balunov Put 8,Zagreb
Tomislav,Mati,M,8.10.1993,092/4540951,"Seissla, Josipa 27",Zagreb
Kristina,Boi,,28.7.1990,022/4155329,"Raia, Josipa 14",Zagreb
Tin,Vuk ,M,22.9.1960,031/8658181,Maerova Ulica 2,Zagreb
eljko,Bili,M,12.6.1987,091/3657543,Aljmaka 13,Zagreb
Ena,Peri,,27.4.1951,01/6654954,Bakule Petra 12,Zagreb
Emir,Kuan,M,26.6.1942,091/5059938,Skradska 25,Zagreb
Goran,Blaevi,M,10.8.1968,092/954729,"Roglia, Josipa 30",Zagreb
Emir,Filipovi,M,14.4.1981,021/6514605,Mavraiki Odvojak 21,Zagreb
Lana,Deli,,7.9.1982,091/5086538,Matunov Odvojak 2,Zagreb
Gordan,Popovi,M,16.11.1958,091/7871632,Sjevernjak 11,Zagreb
Radmila,Matkovi,,12.5.1941,040/1382803,Rabusova 18,Zagreb
Hrvoje,Jovi,M,12.13.1979,040/1083375,Rendieva 21,Zagreb
Radmila,Lovri,,11.6.1973,092/7546891,Ruenica 30,Zagreb
Ivan,Messi,M,23.10.1942,091/4062277,Ravnice 28,Zagreb
Ivana,Matekovi,,22.12.1944,092/6293789,Drnika 12,Zagreb
Dinko,Mari,M,23.3.1948,021/2027469,Skradska 17,Zagreb
Draen,Radi,M,4.6.1940,022/3570340,Rebar 13,Zagreb
Lino,Petrovi,M,11.3.1943,022/5744743,"Raosa, Ivana 29",Zagreb
Katarina,Mandi,,4.5.1970,098/8476479,"Bakia, M. 16",Zagreb
Petra,Vidovi,,6.12.1962,042/3984927,Skradska 2,Zagreb
Saa,Vuki,M,13.2.1986,032/9875651,Anieva 7,Zagreb
Josip,poljari,M,27.9.1986,098/2052523,Martinci 29,Zagreb
Jurica,Gali,M,22.13.1960,042/1075314,Salopekova 3,Zagreb
Rajko,Ostoji,M,24.1.1991,040/2919772,Rovinjska 19,Zagreb
Davor,Ili,M,3.9.1944,01/6525254,Balunov Put 18,Zagreb
Gordan,Markovi,M,10.5.1971,098/4899922,"Andraeca, F. 26",Zagreb
Filip,Pavlovi,M,27.12.1960,022/5266576,Marije J. Zagorke 21,Zagreb
Ante,Stankovi,M,25.3.1956,032/7648211,Rusanova 23,Zagreb
Draen,Kova ,M,21.2.1964,042/916298,Mauraniev Trg 13,Zagreb
Tina,Stankovi,,2.2.1966,092/7455386,Risnjaka 20,Zagreb
Jana,Popovi,,3.9.1966,040/4868172,Rozganska 18,Zagreb
Zdenka,Mandi,,5.12.1966,021/3811604,Apatinska 3,Zagreb
Lana,Ostoji,,17.2.1959,091/7294748,Reetarova 7,Zagreb
Katarina,Novak,,25.10.1950,021/3622345,Anina Grana 24,Zagreb
Marko,ari,M,24.9.1980,031/7351723,Ramska 4,Zagreb
Jana,Kova ,,2.5.1937,022/5569774,"Mataia, Lovre 31",Zagreb
Ivan,Bili,M,5.4.1946,095/1431609,Sesvete 10,Zagreb
Romana,Kovi,,23.6.1990,092/5752566,Rugvika 17,Zagreb
Tin,Blaevi,M,7.13.1976,021/9770391,Skadarska 16,Zagreb
Safet,Kovaevi,M,22.11.1989,022/24663010,"Antunovia, Ivana 5",Zagreb
Dinko,Kui,M,18.10.1947,092/3747685,Matia Tome 11,Zagreb
Filip,Lovri,M,29.6.1966,031/9581967,Ribiev Put 26,Zagreb
Aleksandar,Lui,M,14.8.1983,021/7113243,Sandelii 11,Zagreb
Katarina,Vukovi,,23.5.1974,095/6678626,Donji Luki 4,Zagreb
Ana,Petrovi,,26.8.1989,021/4428459,Rujanska 7,Zagreb
Rajko,Bonjak,M,8.8.1981,098/9346257,Rokova 26,Zagreb
Katarina,Peri,,17.7.1995,040/6261975,Bakaraka 27,Zagreb
Stipe,Vuki,M,3.6.1958,040/6780369,Marofska Ulica Odvojak 2,Zagreb
Dragica,Pavi,,14.2.1937,095/9391585,Maruliev Trg 17,Zagreb
Emir,Kuan,M,4.4.1964,091/2255762,Skoii 4,Zagreb
Jurica,Kui,M,26.5.1966,091/4448619,Rasinjska 19,Zagreb
Jurica,Juki,M,15.8.1995,031/1936872,Razgled 11,Zagreb
Zdenko,Bili,M,25.3.1992,040/3696482,Drenik 29,Zagreb
eljko,Gali,M,11.2.1969,031/6662441,Baoiki Put 12,Zagreb
Ante,Blaevi,M,20.12.1966,091/2895961,Balunov Put 28,Zagreb
Mirka,Popovi,,25.5.1974,095/3019886,Banovika 14,Zagreb
Vjeran,Milinovi,M,1.12.1991,095/3293519,Sav. Rep. Njemake 30,Zagreb
Kreimir,Babi,M,27.3.1942,098/1196559,Dragiia Jurja 5,Zagreb
Marko,Barii,M,8.12.1941,01/4262284,"Rabadana, V. 5",Zagreb
Jana,Bili,,3.1.1975,031/982939,Sitari 2,Zagreb
Sanja,Kuec,,29.7.1987,091/6791769,"Sedinia,lovre 26",Zagreb
Aleksandar,Tomi,M,13.8.1971,031/7022657,Baradin Prilaz 9,Zagreb
Petra,Petrovi,,3.8.1942,099/6317976,Reber 26,Zagreb
Jelena,Pavlovi,,22.8.1945,021/4752798,"Ambriovia, Andrije 12",Zagreb
Rajka,Kos,,15.5.1962,022/6716867,Resniki Gaj 2 29,Zagreb
Rajka,Boi,,2.10.1986,022/5871873,Dramaljska 1,Zagreb
Mirka,Gali,,14.9.1969,020/1035265,Ribarska 20,Zagreb
Ivica,Pavi,M,21.2.1938,092/9979640,"Rakoga, Mirka 15",Zagreb
Katarina,Babi,,5.7.1955,01/5725200,Sav. Rep. Njemake 21,Zagreb
Vjeran,Messi,M,28.9.1957,021/3857930,Razvorska 30,Zagreb
Lino,Matekovi,M,22.1.1973,091/5134336,"Rudjaka, V. 19",Zagreb
Ante,Radi,M,23.3.1956,021/8285478,Rapajinska 24,Zagreb
Lino,Ili,M,10.5.1989,031/3535510,"Draenovia, J. 3",Zagreb
Dinko,Jovanovi,M,11.7.1957,095/1943519,Rakitoveka 25,Zagreb
Hrvoje,Radi,M,19.12.1941,095/69521310,Sachsova 29,Zagreb
Mirka,Juri,,7.5.1943,020/4542338,Sesvetska 20,Zagreb
Katarina,Horvat,,29.5.1989,020/2542848,Dragiia Jurja 29,Zagreb
Ante,Jovi,M,12.2.1990,095/978352,Aria 13,Zagreb
Rajka,Barii,,23.13.1951,022/6523686,"Rangera, Ivana 17",Zagreb
Tomislav,Gali,M,26.13.1968,095/8959183,Remetinekih rt. 1,Zagreb
Hrvoje,Kui,M,22.10.1987,040/26614110,Ravnogorska 19,Zagreb
Ivana,Tomi,,22.4.1985,091/8295997,Sigetsko Polje 17,Zagreb
Marina,Ostoji,,4.13.1941,042/9761397,Markueveka Dubrava 7,Zagreb
Ivana,Vuk ,,22.12.1966,092/5919583,"Marohnia, Josipa 12",Zagreb
Ivana,Mati,,10.8.1990,091/2179122,Rudeki Odvojak 5,Zagreb
Dragica,Cindri,,21.4.1965,098/5017642,Andriloveka 4,Zagreb
Jana,Kovi,,7.2.1991,021/5155788,Badljevinski Put 21,Zagreb
Ante,Pavlovi,M,14.2.1964,091/2545959,"Rihtmana, Z. 14",Zagreb
tefica,Kneevi,,16.8.1958,021/6992259,"Andria, Ive 4",Zagreb
eljko,Barii,M,18.4.1953,042/9036953,Markueveka Cesta 13,Zagreb
Anita,Smoli,,24.7.1961,020/9542665,Sinkovieva 31,Zagreb
Stipe,Kovi,M,27.4.1964,031/3993509,Banski Vinogradi 23,Zagreb
Katarina,Novak,,2.8.1961,01/1197938,"Raia, Josipa 12",Zagreb
Aleksandar,Perkovi,M,21.13.1991,022/9497329,Donje Vrape 23,Zagreb
Elena,Smoli,,19.4.1964,040/9920890,Rosandia Tome 10,Zagreb
Zdenko,Jovanovi,M,9.6.1972,042/7692275,Sesvetska 4,Zagreb
Tomislav,Messi,M,3.6.1978,092/1954848,Rudeki Odvojak 10,Zagreb
Ivana,Jovanovi,,13.7.1984,095/8032921,Reii 17,Zagreb
Helena,Ban,,10.2.1957,022/7067948,Dragutina Golika 7,Zagreb
Lino,Novak,M,10.6.1972,042/6785995,Donji Luki 30,Zagreb
Zdenko,Mandi,M,10.1.1976,095/9882910,Sjeverna Lozica 8,Zagreb
Jurica,ari,M,2.4.1970,099/7883195,Savska Cesta 10,Zagreb
Mirka,Grgi,,13.9.1936,01/1719966,Banov Brijeg 13,Zagreb
Aleksandar,Grgi,M,10.2.1981,091/8732457,Markulinka 13,Zagreb
Tomislav,Barii,M,22.9.1953,092/1445990,Sedlo 19,Zagreb
Ivan,Kovaevi,M,21.12.1985,091/7467157,Riesznerova 15,Zagreb
Draen,Radi,M,22.11.1977,095/3373102,Rudeki Put 26,Zagreb
Davor,Pavlovi,M,25.11.1983,042/1394592,Roginina 22,Zagreb
Jan,Cindri,M,23.2.1990,01/10325610,Raci 21,Zagreb
Mirka,Jovi,,5.6.1955,040/7985162,Antovaljska 30,Zagreb
Tanja,Matkovi,,22.10.1956,021/4830964,"Ambriovia, Andrije 21",Zagreb
Vjeran,Tomi,M,12.10.1973,091/2623883,Repineka 17,Zagreb
Alen,Grgi,M,28.3.1951,031/1656631,Drenjska 18,Zagreb
Alen,Deli,M,29.7.1955,042/3922689,Anele Horvat 18,Zagreb
Dino,Juri,M,21.4.1993,092/1590596,Rusanova 8,Zagreb
Tomislav,Pavlovi,M,1.13.1985,040/4241734,Rastoka 23,Zagreb
Kristina,Ili,,24.10.1974,020/3488782,Mavraiki Odvojak 12,Zagreb
Marina,Milinovi,,15.8.1962,092/9848519,"Andria, Nikole 20",Zagreb
Katarina,Kova ,,9.6.1969,022/41952810,Ruenica 13,Zagreb
Gordan,poljari,M,6.7.1995,098/9134266,"Andria, Josipa 20",Zagreb
Alen,Blaevi,M,15.4.1980,095/5366150,Skradska 22,Zagreb
Anja,Popovi,,25.9.1966,091/9446617,Bakaeva 23,Zagreb
Dino,Bonjak,M,14.9.1977,040/1993759,Rastoka 26,Zagreb
Kreimir,Perkovi,M,21.9.1947,095/1387645,Matunov Odvojak 2,Zagreb
Ena,Smoli,,2.5.1963,042/3588725,Racka 17,Zagreb
Ivica,Peri,M,28.6.1961,040/7647199,"Ambriovia, Andrije 16",Zagreb
Davor,Gali,M,23.3.1944,032/3447653,Barberii 21,Zagreb
Ivana,Blaevi,,13.10.1978,01/8535874,Anele Horvat 16,Zagreb
Anja,Matkovi,,25.1.1941,031/7457875,Donji Rim 2,Zagreb
Stipe,Gali,M,13.3.1972,01/1354347,Anke Krizmani 1,Zagreb
Sanja,Filipovi,,12.10.1988,099/1195907,Draice 19,Zagreb
Kreimir,Kova ,M,4.8.1968,01/7551888,Romanka 24,Zagreb
Goran,Juri,M,18.1.1947,01/8720825,Slanoveka Cesta 25,Zagreb
Mirka,Mandi,,9.10.1986,020/3339761,Marovieva 24,Zagreb
Vjeran,Vuki,M,14.10.1947,042/7186346,Baranovieva 13,Zagreb
Davor,Kovi,M,27.10.1970,092/71638210,Mateti-ronjgovljev. 6,Zagreb
Mirka,ivkovi,,10.7.1982,091/8497297,Bakarska 17,Zagreb
Kristina,Lui,,14.12.1964,022/7051235,Sibinjska 21,Zagreb
Zdenko,Lui,M,6.11.1965,092/5946474,Markueveke Njivice 12,Zagreb
Tin,Lovri,M,8.4.1977,031/8967296,Roganka 27,Zagreb
Tanja,Rukavina,,25.9.1959,042/9637663,Sertieve Ledine 23,Zagreb
Sonja,Vidovi,,22.10.1993,040/9393527,Markueveka Cesta 3,Zagreb
Romana,Kovi,,9.5.1994,031/75628810,Marofska Ulica Odvojak 12,Zagreb
Katarina,Novak,,14.9.1977,092/6166817,Raljice 19,Zagreb
Saa,Filipovi,M,9.3.1962,095/1835625,Matijevka 19,Zagreb
Ante,Kos,M,14.2.1946,022/5246367,Reljkovieva Satira 23,Zagreb
Jurica,Pavi,M,2.6.1977,098/1670427,Donji Luki 12,Zagreb
Ante,Mati,M,24.11.1975,031/3066877,"Raia, Josipa 7",Zagreb
Katarina,Barii,,9.1.1964,01/7849976,Bani 27,Zagreb
Zdenka,Smoli,,22.4.1978,01/3628121,Skuzini 11,Zagreb
Filip,Juri,M,13.3.1956,031/2727308,Dragulinec 13,Zagreb
Dinko,Rukavina,M,24.12.1940,042/8933222,Racka 13,Zagreb
Josipa,Kuan,,23.3.1962,032/2733686,Sitaa 13,Zagreb
Jan,Vuk ,M,22.9.1941,032/6181634,Antolkovii 10,Zagreb
Rajko,Mati,M,13.12.1949,020/98289510,Romanka 24,Zagreb
Ana,Vuki,,25.6.1952,040/4133144,Banjavieva 20,Zagreb
Ana,Jovi,,2.6.1976,092/962612,Radenska 16,Zagreb
Josipa,Deli,,21.4.1967,01/3621675,Risnjaki Odvojak 27,Zagreb
Ivica,Ostoji,M,11.7.1969,092/6568623,Severci 8,Zagreb
Safet,Barii,M,25.4.1986,091/5987102,Mauraniev Trg 11,Zagreb
eljka,Kui,,16.9.1996,092/5622565,"Seissla, Josipa 3",Zagreb
Draen,Markovi,M,25.7.1989,098/4283444,Andriloveka 3 3,Zagreb
Zdenko,Bili,M,27.5.1939,091/7747813,Matoeva 17,Zagreb
Romana,Gali,,11.1.1976,022/2566808,Drakovec 19,Zagreb
Jurica,Ostoji,M,14.7.1972,098/1950767,"Martinovia ,joze 9",Zagreb
tefica,Kova ,,20.5.1996,042/95316210,Sijaevo etalite 21,Zagreb
Sonja,Pavi,,28.6.1962,01/9052594,Ribiev Put 13,Zagreb
Katarina,Bonjak,,18.2.1977,031/6979791,Anke Krizmani 19,Zagreb
Josipa,Juri,,5.7.1949,095/9883668,Sajmina Cesta 5,Zagreb
Zdenko,Markovi,M,20.5.1965,095/3596801,Sevnika 18,Zagreb
Kreimir,Novosel,M,16.11.1948,042/8826316,Sibeliusova 3,Zagreb
Tomislav,Lui,M,16.10.1979,031/9661216,Barbiri 13,Zagreb
Rajko,Matkovi,M,12.9.1937,021/5751121,Raveneki Gaj 27,Zagreb
Katarina,Juki,,14.2.1940,031/9777698,Dragulinec 15,Zagreb
Stipe,Deli,M,4.7.1968,040/8777665,"Bakia, M. 23",Zagreb
Romana,poljari,,21.3.1989,021/8080556,Rumska 30,Zagreb
Dragica,Mati,,21.3.1952,040/3650145,Sav. Rep. Njemake 26,Zagreb
Marko,Kova ,M,5.10.1959,098/9455691,Andriloveka 3 9,Zagreb
Marija,Kovai,,24.12.1988,098/2864572,Markueveka Trnava 11,Zagreb
Helena,ivkovi,,2.8.1948,022/4729501,Selie 24,Zagreb
Sanja,Jovanovi,,16.2.1940,032/3395769,Reber Odvojak 24,Zagreb
Marina,Mati,,22.9.1984,01/3571318,Mateti-ronjgovljev. 9,Zagreb
Goran,Popovi,M,14.1.1964,091/1917742,Barbiri 15,Zagreb
Josipa,Cindri,,15.7.1967,021/8219215,Selinska Ulica 31,Zagreb
Dino,Cindri,M,16.8.1938,095/2871807,"Rehora, Marija 24",Zagreb
Hrvoje,Nikoli,M,3.5.1949,031/5324239,Raka 16,Zagreb
Ivica,Boi,M,28.1.1957,091/2227289,Samoborska Cesta 23,Zagreb
Jelena,ivkovi,,7.3.1941,098/6925809,Siget 12,Zagreb
Filip,Vuk ,M,18.1.1994,032/1411148,Remetineka Cesta 7,Zagreb
Jan,Mari,M,14.2.1969,095/7062378,Schrottova 23,Zagreb
Tomislav,Petrovi,M,19.9.1975,098/5310773,Sinbuk 20,Zagreb
Radmila,Petrovi,,21.5.1953,042/7179928,"Rojca, Dr. Milana 24",Zagreb
Anita,Tomi,,15.11.1955,042/2599914,Matunova 24,Zagreb
Ana,poljari,,29.5.1984,031/1113148,"Ambriovia, Andrije 25",Zagreb
Jana,Novosel,,15.11.1960,032/1187971,Babulek 27,Zagreb
Ivana,Kovaevi,,16.12.1980,022/2576305,Raveneki Gaj 21,Zagreb
Anita,Vukovi,,22.12.1982,021/3597600,Resnika 30,Zagreb
Anita,Petrovi,,4.3.1994,091/3976123,Sitaa 26,Zagreb
Vjeran,Barii,M,6.10.1996,021/7647627,Maunski Odvojak 25,Zagreb
Kreimir,Tomi,M,6.3.1941,040/5170865,Savska Opatovina 3,Zagreb
Sonja,Radi,,21.11.1978,020/8258408,Rastoka 12,Zagreb
Katarina,Peri,,11.8.1940,021/9897422,Raveneki Vinogradi 12,Zagreb
Emir,Mari,M,19.2.1990,01/9255485,Badljevinski Put 15,Zagreb
Rajko,poljari,M,28.2.1949,021/7183367,Rozganska 23,Zagreb
Anita,Ili,,22.8.1942,098/8952545,Ribarska 18,Zagreb
Saa,Kuec,M,5.2.1938,095/3693822,"Maurania, Frana 19",Zagreb
Draen,Milinovi,M,26.11.1993,020/3697106,Donje Prekrije 7,Zagreb
Hrvoje,Babi,M,19.12.1941,042/6666770,Marjanoviev Prilaz 21,Zagreb
Rajko,Mati,M,18.3.1984,040/2892416,Sjevernjak 12,Zagreb
Dragica,poljari,,18.5.1996,01/9139312,"Maurania, I. 2",Zagreb
Emir,Gali,M,20.1.1986,098/3718578,Donji Trpuci 2,Zagreb
Rajko,Jovi,M,12.5.1960,021/6919545,"Romia, Stjepana 27",Zagreb
Helena,Juri,,14.1.1964,091/96793110,Amerikanska 21,Zagreb
Lino,Markovi,M,11.12.1967,01/1164148,"Roglia, Josipa 15",Zagreb
Jurica,ivkovi,M,18.9.1940,021/9098573,"Maurovia, A. 17",Zagreb
Goran,Messi,M,20.11.1946,022/9524962,Rapajinska 1,Zagreb
Marina,Milinovi,,21.10.1936,01/1155516,Sigetje 4,Zagreb
Davor,Jovi,M,20.5.1993,092/1230475,Marovieva 2,Zagreb
Dragica,Barii,,22.13.1941,042/7254549,Rebar 5,Zagreb
Sonja,Filipovi,,17.8.1958,020/92971710,Roii 8,Zagreb
Ana,Kuan,,17.4.1959,042/7288752,Roii 7,Zagreb
Goran,ivkovi,M,12.9.1980,095/4226363,Schlosserove Stube 28,Zagreb
Radmila,Vuki,,23.3.1980,01/6941891,"Maruna, Luje 6",Zagreb
Kreimir,Tomi,M,8.7.1977,031/2725236,Ratkovieva 12,Zagreb
Kristina,Matkovi,,22.2.1959,042/8739294,Ranogajeva 2,Zagreb
Saa,Lovri,M,24.10.1949,091/7234328,Marueveka 24,Zagreb
Rajka,Kova ,,29.7.1992,091/953207,"Antolaka, Josipa 5",Zagreb
Davor,Kos,M,29.3.1954,042/3218925,Repaki Put 3,Zagreb
Katarina,Matkovi,,27.12.1953,01/3729792,Saborska 11,Zagreb
Tin,Gali,M,1.7.1988,092/7245589,Rastovaka 9,Zagreb
Jan,Novosel,M,12.2.1944,099/3274425,Sesvetska Cesta 4,Zagreb
Katarina,poljari,,22.6.1983,098/6725429,Dragulinec 25,Zagreb
Katarina,Juri,,15.4.1991,032/6591508,Bartolii 20,Zagreb
eljka,Jovi,,8.7.1961,022/269771,Savska Cesta 24,Zagreb
Safet,Milinovi,M,27.4.1966,021/25467810,Rudopoljska 18,Zagreb
Zdenko,Jovi,M,10.2.1953,021/2169107,Anele Horvat 15,Zagreb
Jurica,poljari,M,16.2.1984,020/1393314,Rusanova 27,Zagreb
eljko,Matekovi,M,14.2.1995,01/3915617,Maranii 7,Zagreb
tefica,Kuec,,23.13.1992,032/5839880,"Andria, Nikole 29",Zagreb
eljko,Juri,M,2.1.1962,098/5726173,"Raice, Boidara 18",Zagreb
Rajko,Juki,M,26.6.1966,092/6751744,Skoii 29,Zagreb
Dinko,Kos,M,2.3.1993,01/3959173,Mariev Prolaz 2,Zagreb
Marina,Babi,,24.9.1948,091/6444239,Antunovac 30,Zagreb
Tin,Matkovi,M,22.12.1977,040/6027872,Badovineva 27,Zagreb
Petra,Lui,,5.11.1993,031/8472317,Drenik Brezoviki 21,Zagreb
Katarina,Gali,,20.2.1938,022/3931894,Balunov Put 7,Zagreb
Aleksandar,Lovri,M,28.9.1942,020/2715989,Romanova 13,Zagreb
Tina,Nikoli,,22.2.1946,020/4631125,Alibunarska 29,Zagreb
Filip,Kui,M,22.12.1945,021/3220974,"Antalla, Jozsefa 26",Zagreb
Dinko,poljari,M,20.12.1945,032/7998266,Romak 26,Zagreb
Tina,Kuan,,4.11.1968,095/1752843,Masarykova 24,Zagreb
Anja,Kui,,17.12.1977,095/5769484,Drenjska 7,Zagreb
Saa,Matkovi,M,16.10.1956,098/9565239,Remetinec 21,Zagreb
Safet,Barii,M,22.6.1949,020/6641797,Maranii 21,Zagreb
Mirka,Messi,,13.8.1937,040/4292983,Remetineka Cesta 29,Zagreb
Ante,Kneevi,M,12.4.1945,092/9619392,Donji Pustodol 19,Zagreb
Katarina,poljari,,12.4.1984,042/5131313,Semeljaka 18,Zagreb
Ivana,Babi,,15.13.1991,021/4884329,Remetinec 29,Zagreb
Tin,Ostoji,M,20.10.1985,091/4083885,Rakitnica 23,Zagreb
Anita,Bonjak,,24.5.1981,042/4721212,Savska Cesta 26,Zagreb
Jelena,Jovanovi,,28.7.1972,040/99607410,Martinkoveka 30,Zagreb
Josipa,Kos,,16.2.1965,031/1595114,"Andraeca, F. 5",Zagreb
Zdenko,Peri,M,7.8.1948,098/7987410,Marovieva 2,Zagreb
Rajka,Lui,,16.5.1975,095/9450982,Aria 14,Zagreb
Emir,Nikoli,M,22.10.1952,092/3257221,Selnika Ulica 26,Zagreb
Rajka,Markovi,,23.3.1969,099/9259240,Dragonoeka Cesta 9,Zagreb
Josip,Rukavina,M,27.8.1983,042/9713377,Ravenska 18,Zagreb
Saa,Smoli,M,21.2.1982,099/2878972,Maunska 7,Zagreb
Davor,Jovanovi,M,19.10.1964,095/1710124,Draga 26,Zagreb
Tomislav,Cindri,M,13.8.1987,099/2644532,Schrottova 27,Zagreb
Radmila,Kui,,7.7.1955,021/8148209,Rucakova Ulica 3,Zagreb
Josipa,Pavlovi,,23.2.1958,021/2387193,Matunov Odvojak 20,Zagreb
Lino,Perkovi,M,9.4.1994,031/8736962,Remete 3,Zagreb
Kristina,Mandi,,15.10.1954,032/98457810,Ravenska 5,Zagreb
Mirka,Ostoji,,5.7.1940,022/93146710,Ruenica 13,Zagreb
Stipe,Blaevi,M,13.5.1948,020/7023892,Sjeverna Lozica 6,Zagreb
Jana,Peri,,28.4.1981,092/5196786,Markueveka Dubrava 30,Zagreb
Ivica,Mati,M,22.12.1985,031/3875794,Drnika 23,Zagreb
Jana,Deli,,15.8.1968,098/7237417,Aljmaka 13,Zagreb
eljka,Kuan,,28.1.1941,020/4167881,Baranjska 27,Zagreb
Zdenko,Kovai,M,24.3.1973,021/5514702,Donjodragonoka Cesta 14,Zagreb
Goran,poljari,M,5.1.1976,099/2584251,Balokovieva 25,Zagreb
Lino,Kovi,M,15.4.1991,032/5556953,Alkarski Put 19,Zagreb
Radmila,ivkovi,,14.10.1978,098/8763856,Slankamenska 9,Zagreb
Jan,Vidovi,M,23.12.1950,099/9040403,Matije Gupca 26,Zagreb
Dinko,Vidovi,M,24.5.1968,032/8464677,Bakarska 7,Zagreb
Elena,Milinovi,,2.5.1980,042/3329809,Sesvetska Cesta 18,Zagreb
Jurica,Pavi,M,23.2.1976,092/82192710,Salopekova 16,Zagreb
Mirka,Bonjak,,18.8.1949,095/2653721,Repineka 12,Zagreb
Stipe,Kui,M,5.8.1950,042/8210417,Remetska Cesta 14,Zagreb
Ana,Rukavina,,8.5.1962,022/4559987,"Rukljaa, Stjepana 18",Zagreb
Anja,Kova ,,25.7.1962,040/9860476,"Reljkovia, A. 5",Zagreb
Kristina,Pavi,,15.1.1979,091/2390549,Ratarska 29,Zagreb
Jurica,Markovi,M,13.7.1966,040/8876941,Seridovka 18,Zagreb
eljko,Mari,M,5.4.1962,042/2033288,Marjanoviev Prilaz 3,Zagreb
Ena,Stankovi,,11.2.1982,01/9765473,Matkovica 18,Zagreb
Marija,Pavi,,26.2.1941,091/1574841,Radenska 18,Zagreb
Katarina,Messi,,19.12.1945,020/6714121,Marofska Ulica Odvojak 16,Zagreb
Emir,Juki,M,9.7.1979,022/3729618,Banovski Put 12,Zagreb
Sonja,Novak,,15.9.1952,095/4671904,Rujanska 19,Zagreb
Elena,Matkovi,,22.12.1975,042/6652118,Barbiri 28,Zagreb
Filip,Kovai,M,6.10.1945,091/4883919,"Rukljaa, Stjepana 3",Zagreb
Josipa,Grgi,,18.4.1946,095/2692880,Mauraniev Trg 19,Zagreb
Josip,Horvat,M,10.9.1974,032/4069124,Ravnjanska 4,Zagreb
Radmila,Jovanovi,,24.11.1989,042/7471943,Skoki 7,Zagreb
Hrvoje,Kovai,M,8.3.1994,020/1974260,"Raosa, Ivana 23",Zagreb
Dinko,Blaevi,M,1.2.1941,098/94675910,"Rukljaa, Stjepana 5",Zagreb
Alen,Vukovi,M,4.9.1936,020/8546378,Sesvetska Cesta 11,Zagreb
Katarina,Grgi,,8.13.1968,091/5094273,Antoljaki 24,Zagreb
Helena,Mati,,29.7.1948,032/2670662,Severovaka 13,Zagreb
Stipe,Kovai,M,8.4.1942,098/4194773,Sarajevska Cesta 11,Zagreb
Filip,Lovri,M,26.6.1987,091/3246964,Skradinska 11,Zagreb
Katarina,Juri,,2.13.1943,01/1344156,Siget 12,Zagreb
eljko,Gali,M,7.5.1984,092/5949799,Savska Poljana 3,Zagreb
Zdenka,Novak,,25.2.1973,095/1338222,Roginina 19,Zagreb
Dino,Barii,M,21.5.1984,022/1948397,Ribiev Put 28,Zagreb
Lana,Vukovi,,20.6.1987,022/4418631,Radenska 14,Zagreb
Lana,Ili,,22.7.1969,01/8545828,Skoki 30,Zagreb
Emir,Ostoji,M,22.10.1967,040/3087303,"Andria, Ive 17",Zagreb
Ivana,Matekovi,,9.10.1937,01/6285904,"Antonia, B. 1",Zagreb
Marija,Juki,,15.13.1951,022/1847112,Romanka 19,Zagreb
Katarina,Matekovi,,18.12.1974,022/7041180,Rubetieva 17,Zagreb
Emir,Ostoji,M,13.12.1974,098/7745264,Romanka 20,Zagreb
Zdenko,Milinovi,M,17.3.1992,021/6227944,Selniki 26,Zagreb
Dragica,Bili,,11.13.1939,099/8065890,Maieva 24,Zagreb
Marija,Ili,,29.9.1961,031/4064782,Donji Rim 8,Zagreb
Rajko,Bili,M,23.6.1984,032/5139455,Badelov Brijeg 7,Zagreb
eljka,Babi,,19.3.1954,021/1524922,Raka 1,Zagreb
Mirko,Kos,M,6.12.1939,095/1092612,Ratarska 12,Zagreb
Rajka,Kova ,,21.3.1983,091/2080521,Arbanasova 9,Zagreb
eljka,Kovai,,21.9.1982,095/5486814,Skradinska 24,Zagreb
Tin,Blaevi,M,28.4.1975,040/7474525,Banovski Put 15,Zagreb
Jelena,Radi,,18.10.1970,032/5094368,Don Frana Bulia 5,Zagreb
Emir,Vidovi,M,7.4.1978,01/8891638,Matoeva 8,Zagreb
Zdenko,Blaevi,M,5.9.1976,098/7883993,Rim 17,Zagreb
Petra,Juri,,7.9.1958,099/3352827,Dore Krupieve 14,Zagreb
Marija,Barii,,19.6.1981,021/9832458,"Bakia, Matije 31",Zagreb
eljka,Vuk ,,13.2.1989,022/3354417,Skladina 27,Zagreb
Ante,Tomi,M,22.4.1984,032/3827936,Rep. Austrije 26,Zagreb
Zdenko,Ostoji,M,23.12.1996,098/42549510,Risnjaki Odvojak 2,Zagreb
Tina,Cindri,,17.9.1978,092/1275200,Rebiev Brijeg 29,Zagreb
Marko,Pavi,M,10.8.1995,098/22375810,Dragutina Golika 22,Zagreb
Jana,Tomi,,28.4.1978,098/1793375,"Bakia, Matije 26",Zagreb
Rajko,Messi,M,16.6.1996,042/9478293,Rogieva 21,Zagreb
Tanja,Kovaevi,,8.8.1975,020/2866721,Don Frana Bulia 25,Zagreb
eljko,Boi,M,27.11.1954,091/7755787,Sjeverna 6,Zagreb
eljka,Radi,,9.6.1979,020/1577262,Raljice 4,Zagreb
Dinko,Markovi,M,2.12.1983,042/3339178,Resniki Gaj 2 23,Zagreb
Josip,Vukovi,M,27.9.1937,091/2291295,Draganii 4,Zagreb
Ivan,Vukovi,M,21.6.1994,01/9445242,Skradinska 29,Zagreb
Jelena,Cindri,,21.13.1974,022/7043384,Remetinec 7,Zagreb
Sonja,Kovi,,12.5.1951,020/6221123,Marofska Ulica Odvojak 23,Zagreb
Katarina,Gali,,12.4.1963,040/5446627,Donje Vrape 11,Zagreb
Kreimir,Vuk ,M,3.11.1990,021/4396935,Remetinekih rt. 26,Zagreb
Mirko,Lovri,M,3.2.1965,042/2965724,Banski Vinogradi 11,Zagreb
Helena,Popovi,,22.13.1954,098/1844513,Sesvetska 24,Zagreb
Dragica,Vidovi,,2.4.1981,021/2494945,Doenova 6,Zagreb
Jelena,Vukovi,,22.5.1975,092/5116515,Maunski Odvojak 12,Zagreb
Tina,Juki,,16.4.1953,01/3798859,Skradnika 6,Zagreb
Alen,Vukovi,M,16.12.1979,022/4934674,Andriloveka 4 6,Zagreb
Ana,Filipovi,,15.9.1978,042/4864431,Skenderi 31,Zagreb
Josip,Matekovi,M,5.2.1937,098/4929489,Markueveka Cesta 16,Zagreb
Ivana,Lovri,,12.6.1954,020/9917499,Bagrema 1,Zagreb
Mirko,Mandi,M,24.7.1943,021/7945692,Drage 12,Zagreb
Tina,Ban,,21.8.1948,031/1858899,Badljevinski Put 8,Zagreb
Jurica,ivkovi,M,7.5.1947,01/6143742,Drenjska 23,Zagreb
Goran,Jovanovi,M,16.5.1964,042/5268428,Matunski Odvojak 21,Zagreb
Safet,Barii,M,9.2.1982,042/4635999,"Maurania, Frana 21",Zagreb
Rajka,Kova ,,27.9.1996,091/5485369,Aljmaka 4,Zagreb
Goran,Kuec,M,7.3.1992,042/8973266,Radieva 6,Zagreb
Rajka,Pavi,,27.9.1971,031/16685310,Masarykova 13,Zagreb
Dinko,Kuec,M,19.11.1974,021/9358966,Sitari 20,Zagreb
Kreimir,Blaevi,M,19.4.1940,042/7420471,Rastovaka 13,Zagreb
Emir,Vuki,M,27.2.1971,032/2754332,Aljmaka 17,Zagreb
Kristina,Milinovi,,3.10.1948,092/5271288,Ratkajev Prolaz 3,Zagreb
eljka,Grgi,,8.1.1968,022/9869392,"Rogoza, Zvonimira 17",Zagreb
Marija,Rukavina,,13.7.1990,091/3532878,Anke Krizmani 3,Zagreb
Alen,Vukovi,M,26.11.1937,091/5072794,Andraeveka 6,Zagreb
tefica,Popovi,,20.10.1976,092/58225210,Apatinska 10,Zagreb
Sonja,Deli,,20.13.1987,091/4923757,Rapska 7,Zagreb
Jan,Boi,M,18.12.1969,092/1725133,Ranci 26,Zagreb
Radmila,Mati,,6.8.1959,031/6935650,Sigeteka 30,Zagreb
tefica,Vuki,,24.3.1972,020/8535747,Rakeki 12,Zagreb
Dino,Kuec,M,25.3.1975,098/9424787,Repinjak 17,Zagreb
Ena,Cindri,,14.3.1962,021/2032756,Mavraiki Odvojak 5,Zagreb
Jan,poljari,M,19.6.1963,091/9513437,Roieva 27,Zagreb
Gordan,Vidovi,M,6.12.1995,042/7580938,Rapajinska 20,Zagreb
Katarina,Markovi,,4.10.1983,098/8849435,Rakeki 4,Zagreb
Davor,Kovaevi,M,4.7.1968,01/8440766,"Andria, Ive 17",Zagreb
Petra,poljari,,23.3.1967,098/8254296,Remetska 19,Zagreb
Dinko,Boi,M,19.10.1961,091/8272525,Razgled 11,Zagreb
Elena,Peri,,6.12.1994,092/7154401,Bagremova 20,Zagreb
Jelena,Juki,,17.10.1946,095/1881980,Maieva 5,Zagreb
Mirka,Mandi,,5.8.1954,021/1591114,"Sandelia, Ivana 16",Zagreb
Tin,Babi,M,24.2.1966,01/5134772,"Matka, Janka 12",Zagreb
Alen,Juki,M,8.9.1993,040/8210390,Rijeznica 30,Zagreb
Katarina,Radi,,21.12.1986,021/5885360,Bariia Rafa 19,Zagreb
Aleksandar,Rukavina,M,20.13.1973,01/6373899,Sitari 22,Zagreb
Katarina,Ban,,14.2.1941,042/1712621,Skoki 18,Zagreb
Petra,Vuk ,,1.12.1949,098/2422962,Donji Pustodol 14,Zagreb
Rajko,Cindri,M,15.7.1992,021/4368871,Rokov Perivoj 29,Zagreb
Lino,Pavi,M,27.9.1986,040/7293880,Drenovaka 9,Zagreb
Katarina,Smoli,,26.4.1969,032/5161828,Ravenec 25,Zagreb
Jana,Kovaevi,,3.6.1944,021/2741381,Markoveva 19,Zagreb
Anja,Messi,,11.4.1947,092/1924397,Marije Jambriak 30,Zagreb
Jana,Radi,,25.7.1988,091/4587434,Bartokova 28,Zagreb
Tin,Radi,M,24.3.1982,098/9575738,Drenovaka 10,Zagreb
Hrvoje,Kovi,M,19.11.1981,040/6056814,"Ratkaja, Jurja 22",Zagreb
Dragica,Popovi,,8.5.1987,021/7890216,Matunova 12,Zagreb
Ivica,Rukavina,M,10.5.1980,022/7578111,Donje Prekrije 28,Zagreb
Zdenko,Vuki,M,16.11.1951,040/3823117,Rokova 28,Zagreb
Emir,Gali,M,14.10.1992,040/3213756,"Sedinia,lovre 28",Zagreb
Sonja,Stankovi,,10.9.1947,01/8063225,Rabusova 24,Zagreb
Rajko,Babi,M,25.10.1971,01/915948,Remetineka Cesta 15,Zagreb
Ana,ivkovi,,1.2.1983,020/5460466,Markueveka Cesta 26,Zagreb
tefica,Kos,,6.13.1951,095/1642901,Sesvetska 3,Zagreb
Marija,Jovi,,3.10.1961,01/7746618,Rudeki Put 7,Zagreb
eljka,Juri,,24.6.1952,098/4812192,Marinoveka 11,Zagreb
Jelena,Lui,,17.9.1970,022/5695337,Alibunarski Odvojak 21,Zagreb
Ivan,Kuec,M,13.13.1990,01/7169556,Sinbuk 11,Zagreb
Aleksandar,Kuan,M,6.7.1980,020/1021124,Resniki Gaj 1 5,Zagreb
Gordan,Vukovi,M,13.1.1966,042/2454211,Drage 30,Zagreb
Elena,Radi,,11.5.1946,021/598391,Matiki 25,Zagreb
Draen,Juki,M,16.4.1991,021/1561662,Ribiki Prilaz 27,Zagreb
tefica,Rukavina,,4.4.1938,042/3672716,Barbiri 27,Zagreb
Stipe,Filipovi,M,26.6.1996,092/2132126,Rudeka Cesta 28,Zagreb
Tanja,Kuec,,6.7.1982,031/5468115,Rucakova Ulica 19,Zagreb
Jelena,Kovai,,17.4.1947,098/8072619,Savska Cesta 8,Zagreb
Jan,Kneevi,M,25.11.1987,042/2552632,Martieva 14,Zagreb
Ivica,Kuec,M,13.4.1987,021/2731268,Rimski Odvojak 23,Zagreb
Hrvoje,Mandi,M,10.6.1959,01/9221206,Drakovieva 18,Zagreb
Marija,Novosel,,2.11.1960,022/5376955,Sarvaka 2,Zagreb
Ana,Blaevi,,16.4.1981,01/8511149,Rudopoljska 6,Zagreb
Jan,Petrovi,M,21.10.1994,021/2168337,"Marohnia, Josipa 24",Zagreb
Saa,poljari,M,19.12.1947,021/1389146,"Sedinia, Vinka 10",Zagreb
Safet,Juri,M,19.10.1971,098/6985379,Bagremova 16,Zagreb
Dragica,Barii,,19.12.1939,022/7579819,Mateti-ronjgovljev. 12,Zagreb
Ana,Kova ,,13.7.1956,01/5541225,Matuni 26,Zagreb
Romana,Gali,,18.6.1947,031/5737906,Barbiri 4,Zagreb
Mirka,Kuec,,14.11.1964,095/5174857,"Rogoza, Zvonimira 12",Zagreb
Radmila,Kuan,,9.2.1990,01/4778395,Slankamenska 15,Zagreb
Davor,Kova ,M,20.3.1982,01/4522327,Dravogradski Put 23,Zagreb
Draen,ivkovi,M,4.9.1996,099/9249807,Antovaljska 4,Zagreb
Marija,Stankovi,,25.6.1981,092/2530683,Skradnika 15,Zagreb
Josipa,Boi,,24.1.1974,022/5687104,Rastovaka 21,Zagreb
Romana,Filipovi,,29.9.1961,01/2690250,Donadinieva 26,Zagreb
Lana,Nikoli,,17.5.1959,022/65494510,Draga 2,Zagreb
Lino,Mati,M,19.10.1991,031/8240161,Sertieve Ledine 1,Zagreb
eljko,Popovi,M,28.5.1953,098/1697539,Barbariev Put 9,Zagreb
Jana,Juki,,5.11.1941,022/8013944,Ruenica 2,Zagreb
Rajko,Markovi,M,18.3.1948,092/6696306,Ratarska 28,Zagreb
Radmila,Perkovi,,15.11.1956,01/7184369,Rakitnica 30,Zagreb
Katarina,Matekovi,,9.12.1937,040/9253373,Dramaljska 30,Zagreb
Davor,Juki,M,9.10.1961,01/3121803,Samoborska Cesta 15,Zagreb
tefica,Deli,,2.8.1962,095/8544243,Antoloveki Put 17,Zagreb
Ivana,Peri,,20.8.1943,091/8820368,Schrottova 3,Zagreb
Dino,Lui,M,3.3.1962,021/7050579,Alibunarska 5,Zagreb
Hrvoje,Novosel,M,14.10.1948,098/9364932,Sajmina Cesta 3,Zagreb
eljko,Popovi,M,12.10.1970,020/8123961,Dorii 25,Zagreb
Katarina,Kuec,,20.11.1960,020/4641642,Raeniki Put 25,Zagreb
Kristina,Messi,,22.7.1968,022/81131410,Maunska 23,Zagreb
tefica,Kovai,,28.13.1957,01/3785546,Remetinekih rt. 22,Zagreb
Mirko,Lui,M,9.4.1952,022/1536196,Rudeki Put 16,Zagreb
Tin,Kovai,M,10.7.1938,091/2858841,Rogoznika 29,Zagreb
Emir,Grgi,M,21.8.1972,042/3794933,Rubetieva 16,Zagreb
Marija,Cindri,,5.4.1946,098/4672460,Skijaki Prilaz 10,Zagreb
Tanja,Tomi,,8.5.1955,031/1683941,Maslinska 15,Zagreb
Dinko,Milinovi,M,21.10.1942,042/3850658,Dranika 22,Zagreb
Alen,Kuec,M,26.3.1986,098/3589424,"Matka, Janka 4",Zagreb
Safet,poljari,M,14.11.1978,020/6263124,Banjaluka 1 16,Zagreb
Filip,Jovanovi,M,25.8.1946,042/8274718,Remetski Banjak 31,Zagreb
Kreimir,Stankovi,M,12.7.1945,099/7624732,Raveneki Gaj 20,Zagreb
Tina,Vukovi,,22.11.1960,095/6331105,Bagrema 12,Zagreb
Safet,Perkovi,M,2.2.1991,01/8187834,Roginina 11,Zagreb
Dragica,poljari,,2.11.1964,022/9073613,Banjavieva 9,Zagreb
Tomislav,ari,M,19.13.1977,098/1586731,Balaki 19,Zagreb
Marko,Rukavina,M,24.4.1995,091/5092991,Slatinska 24,Zagreb
Katarina,Vuki,,5.12.1981,022/1089857,Drenik 24,Zagreb
Tanja,Matkovi,,7.11.1989,098/1238350,Draganika Grana 2,Zagreb
Tina,Kova ,,3.5.1978,040/6985755,Rivanjski Put 1,Zagreb
Davor,Horvat,M,22.4.1952,091/4744980,Ranogajeva 21,Zagreb
tefica,Bili,,27.8.1982,022/1716558,Drnika 29,Zagreb
Emir,Mandi,M,3.5.1970,095/7932188,Balunov Put 19,Zagreb
Marina,Kovi,,14.6.1977,01/7980346,Remetski Kamenjak 18,Zagreb
Draen,Tomi,M,11.6.1967,020/3968836,Roii 24,Zagreb
Dino,Vuk ,M,24.2.1966,022/7135584,"Antunovia, Ivana 11",Zagreb
Hrvoje,Kuec,M,15.12.1981,042/8386248,Rujanska 20,Zagreb
Zdenko,Mari,M,15.1.1978,040/8390933,Skenderi 28,Zagreb
Romana,Perkovi,,8.4.1970,022/1919942,Amerikanska 21,Zagreb
tefica,Vidovi,,5.5.1991,031/3999716,Donjopoljska 6,Zagreb
Gordan,Kovaevi,M,24.2.1943,021/2695330,Sijeanjska 12,Zagreb
Rajko,Boi,M,3.13.1980,021/9673875,Rumaica 28,Zagreb
Katarina,Vuki,,25.2.1943,095/6838988,Bakaraka 4,Zagreb
Tanja,Ili,,13.7.1966,095/8567118,Ribnika 12,Zagreb
Kristina,ari,,4.12.1992,032/7489177,Bahlenova Ulica 12,Zagreb
Josip,Ostoji,M,19.10.1937,098/989187,Martijaneka 21,Zagreb
Emir,Kovi,M,5.4.1991,021/73876110,"Andreisa, Josipa 22",Zagreb
Josip,Matkovi,M,26.10.1992,031/2394630,Rebiev Brijeg 6,Zagreb
eljko,Kovi,M,18.13.1948,01/7570797,Drenik Brezoviki 8,Zagreb
eljka,Matkovi,,6.2.1966,020/9161229,Roii 1,Zagreb
Vjeran,Bonjak,M,3.12.1970,092/2068312,Alibunarski Odvojak 26,Zagreb
Ana,Peri,,6.1.1969,092/4128395,Markoveva 24,Zagreb
Jelena,Vuki,,27.12.1972,031/9524775,"Rabadana, V. 10",Zagreb
Ante,Matekovi,M,2.5.1943,095/6671182,Ribarska 16,Zagreb
Marina,Milinovi,,16.6.1937,042/5996443,Skokov Prilaz 28,Zagreb
Marija,Vidovi,,14.2.1981,022/8931340,Retkoveka 28,Zagreb
Kreimir,Kuec,M,15.3.1995,095/6623859,Dragiia Jurja 14,Zagreb
tefica,Matkovi,,12.2.1979,092/2530615,Samoborska Cesta 13,Zagreb
Rajko,Jovi,M,11.9.1978,022/5151862,Ranogajeva 15,Zagreb
eljka,Smoli,,16.11.1984,032/985711,Rudeka Cesta 21,Zagreb
eljko,Milinovi,M,2.12.1980,098/4568138,"Seissla, Josipa 5",Zagreb
Petra,Jovi,,18.2.1981,032/7670300,Drenovac 28,Zagreb
Katarina,Boi,,5.1.1974,022/4768873,Selaka 28,Zagreb
Marija,Popovi,,22.2.1993,020/3049788,Anina Grana 6,Zagreb
Tina,Smoli,,25.8.1959,031/5034463,Bakaeva 25,Zagreb
Helena,Bonjak,,26.2.1963,020/4637401,Barbariev Put 5,Zagreb
Stipe,Horvat,M,19.8.1975,01/4754155,Remetski Kamenjak 17,Zagreb
Ivan,Barii,M,18.13.1980,091/1428963,Sibinjska 4,Zagreb
Dino,Vuki,M,10.5.1961,091/7073895,Savska Opatovina 18,Zagreb
Elena,Perkovi,,2.11.1952,032/4779482,Rebro 25,Zagreb
tefica,Deli,,24.12.1947,021/4367878,"Maurania, I. 9",Zagreb
Jan,Smoli,M,17.7.1953,031/4227317,Roii 23,Zagreb
Davor,Gali,M,10.8.1956,092/6821817,Roii 16,Zagreb
Jelena,Perkovi,,27.5.1960,021/1778831,Bahlenova Ulica 8,Zagreb
Zdenka,Lovri,,26.4.1937,098/1474799,Slavenskog 27,Zagreb
Katarina,Novak,,8.2.1942,091/7742122,Sesvete 26,Zagreb
Stipe,Pavlovi,M,21.10.1977,021/6560265,Amrueva 7,Zagreb
Tin,Horvat,M,11.5.1975,092/2187604,Rooseveltov Trg 27,Zagreb
Gordan,Nikoli,M,4.9.1994,021/8713737,"Antunovia, Ivana 25",Zagreb
Tina,Lui,,16.9.1985,042/3877561,Andrijaevia Dominika 7,Zagreb
Zdenka,Matkovi,,23.7.1978,040/6227584,Reberec Odvojak 8,Zagreb
Ivana,Vukovi,,28.2.1946,095/8120558,"Mariia, eljka 8",Zagreb
Goran,Tomi,M,8.6.1982,092/1451883,Rozganska 8,Zagreb
Romana,Juri,,17.5.1943,031/3144838,Mariev Prolaz 18,Zagreb
Ivana,Gali,,28.3.1957,042/4571821,Sakaeva 29,Zagreb
Ena,Ban,,29.6.1963,092/6048191,Marovieva 9,Zagreb
Tina,Barii,,4.3.1947,021/9370805,Barbatska 3,Zagreb
Romana,ivkovi,,23.7.1968,099/9334234,Alibunarski Odvojak 28,Zagreb
Zdenka,Matkovi,,13.8.1948,098/5155603,Reberec Odvojak 5,Zagreb
tefica,Perkovi,,12.3.1990,042/5762223,Bahlenova Ulica 19,Zagreb
eljko,Tomi,M,7.12.1961,01/9176167,Slavetika 1,Zagreb
Jan,Peri,M,27.12.1966,040/4835366,"Matka, Janka 2",Zagreb
Ana,ari,,3.3.1989,01/8853147,Bariia Rafa 6,Zagreb
Gordan,Juki,M,25.9.1947,031/1864293,Severinska 9,Zagreb
Kreimir,Ostoji,M,28.9.1959,098/3974609,Skalinska 29,Zagreb
Gordan,Deli,M,10.9.1986,098/3848675,Medarska 17,Zagreb
Dragica,Stankovi,,22.10.1936,042/1342571,Banjolska 25,Zagreb
Josip,Messi,M,27.8.1967,098/4460437,Rugvika 28,Zagreb
Gordan,Lovri,M,14.13.1945,098/7760648,"Andria, Josipa 4",Zagreb
Josip,Bonjak,M,20.6.1953,091/5991868,Medarska 26,Zagreb
Ante,Boi,M,17.8.1948,095/9120895,Amrueva 26,Zagreb
Stipe,Pavi,M,29.7.1941,099/9480516,Bahlenova Ulica 7,Zagreb
Ana,Horvat,,15.8.1948,091/3267658,Sinjska 5,Zagreb
Tin,Kuec,M,11.6.1990,042/7324391,Arbanasova 17,Zagreb
Katarina,Cindri,,17.6.1971,040/5085471,Draevika Ulica 7,Zagreb
Tina,Lovri,,27.10.1951,022/6965605,Badema 8,Zagreb
Tomislav,Babi,M,23.7.1937,01/7548576,Donje Vrape 17,Zagreb
tefica,Kuec,,23.6.1970,031/6060720,Dragiia Jurja 13,Zagreb
Rajka,Lovri,,10.12.1969,095/9435816,Rogieva 6,Zagreb
Davor,ivkovi,M,14.8.1992,098/6134319,Ribiki Prilaz 21,Zagreb
eljko,Ostoji,M,21.2.1968,092/1842285,Babulek 5,Zagreb
Katarina,Kuan,,27.2.1940,01/8726144,Donji Brezinak 8,Zagreb
Helena,Milinovi,,1.8.1976,022/5223210,Sitnice 31,Zagreb
Anita,Kovaevi,,7.13.1942,042/1361397,Bani 30,Zagreb
Rajko,Novak,M,4.7.1966,021/5371913,Apatinska 20,Zagreb
Mirko,Barii,M,20.7.1949,091/9787572,Sarvaka 4,Zagreb
Tina,Kovaevi,,27.4.1977,042/9037231,Mauraniev Trg 29,Zagreb
tefica,Matkovi,,28.1.1941,040/6297107,Drenika 13,Zagreb
Ivica,Petrovi,M,15.5.1994,01/7420609,Anke Krizmani 13,Zagreb
Mirko,Matekovi,M,2.11.1967,095/4090737,Sigetje 10,Zagreb
Katarina,Ban,,28.7.1975,022/3924382,Regelji 2,Zagreb
Katarina,ari,,16.6.1982,020/6128391,Raka 25,Zagreb
Elena,Stankovi,,17.7.1958,01/2010763,Ratkajev Prolaz 25,Zagreb
Hrvoje,Peri,M,8.9.1957,095/6087196,Donje Svetice 9,Zagreb
Romana,Ili,,11.11.1988,020/5637671,Skoilovii 27,Zagreb
Ena,Jovanovi,,25.7.1957,095/7948165,Sisaka Cesta 3,Zagreb
Jana,Blaevi,,3.6.1972,098/7383340,Alkarski Put 5,Zagreb
eljka,Ostoji,,21.6.1974,098/7765341,Drinjaka 30,Zagreb
Draen,Matekovi,M,24.12.1994,042/7328764,Balaieva Ulica 15,Zagreb
Kristina,ivkovi,,23.12.1982,020/88104110,Sirkovina 7,Zagreb
Katarina,Blaevi,,10.12.1953,021/8855905,Apatinska 24,Zagreb
Draen,Lui,M,28.6.1981,021/1635132,Drivenika 18,Zagreb
Lana,Kuan,,21.1.1948,042/2387644,Rimski Odvojak 20,Zagreb
Hrvoje,Blaevi,M,3.4.1989,031/6926569,Sjeverna 23,Zagreb
Rajko,Ostoji,M,13.8.1977,091/3268530,Anele Horvat 27,Zagreb
Josipa,Bili,,9.6.1947,098/9789193,Anieva 20,Zagreb
Ivan,Kos,M,19.7.1973,031/7328446,Sesvete 19,Zagreb
Anita,Lui,,8.4.1995,042/9971110,Matkovica 14,Zagreb
Jana,Kos,,26.2.1988,040/8127734,Maslinska 20,Zagreb
Rajka,Juri,,25.11.1984,022/6416841,"Roglia, Josipa 12",Zagreb
Marija,Vuki,,18.3.1979,099/1945696,Rakoveva 20,Zagreb
Jurica,Barii,M,26.2.1945,01/7861359,Matuni 17,Zagreb
Rajko,Novak,M,19.11.1947,031/2462206,Ruiak 24,Zagreb
Ivana,Pavi,,25.12.1963,095/8659899,Raieva 29,Zagreb
Ana,Vuki,,22.5.1940,021/7570814,Donji Pustodol 13,Zagreb
Helena,Kneevi,,13.9.1967,098/4913233,Balotin Prilaz 10,Zagreb
Jurica,Ostoji,M,18.4.1938,095/2544628,Baoiki Put 15,Zagreb
Gordan,Smoli,M,7.7.1953,032/965613,Selnika 27,Zagreb
Marija,Kos,,7.6.1956,020/5351166,Arapovieva 25,Zagreb
Davor,Kuan,M,3.4.1947,099/3451612,"Reljkovia, A. 4",Zagreb
Tanja,Kovai,,26.12.1957,092/25901010,Riesznerova 21,Zagreb
Katarina,Kos,,18.10.1963,092/1848433,Rosulja 18,Zagreb
Marina,Peri,,22.6.1953,042/6048182,Drage Pikor 6,Zagreb
Aleksandar,Mari,M,27.4.1947,091/1824907,Alibunarska 21,Zagreb
Tomislav,Mari,M,12.1.1967,020/4424925,Sandelii 23,Zagreb
Petra,Tomi,,13.6.1945,042/9477315,Anieva 11,Zagreb
Safet,Messi,M,28.2.1962,031/6272836,Markueveke Njivice 16,Zagreb
Anja,Radi,,29.4.1994,022/2271195,Selniki 6,Zagreb
Aleksandar,Kovaevi,M,9.7.1959,031/8318439,Dragice Hotko 11,Zagreb
eljko,Vidovi,M,18.8.1975,091/6811486,"Antunovia, Ivana 16",Zagreb
Lino,Horvat,M,24.6.1968,022/8994868,Rudeki Put 8,Zagreb
Davor,Pavi,M,5.1.1955,01/6677249,Ruice 29,Zagreb
Petra,Boi,,18.10.1981,091/1751969,"Rihtmana, Z. 21",Zagreb
Filip,Kuan,M,26.10.1938,098/6814778,Ruice 24,Zagreb
Lana,Matekovi,,3.2.1940,021/7262711,Mavraii 13,Zagreb
Stipe,Novak,M,17.8.1967,020/9475574,Senoka 5,Zagreb
Rajka,Gali,,22.7.1970,091/2933301,Anina Grana 19,Zagreb
Lana,Blaevi,,6.7.1987,098/6872848,Risnjaka 10,Zagreb
Ana,Deli,,5.10.1956,021/1991131,Rumska 22,Zagreb
Aleksandar,Lovri,M,16.6.1989,040/1974889,Slankamenska 19,Zagreb
eljko,Peri,M,6.3.1955,020/5160161,"Matasovia, Josipa 2",Zagreb
Alen,Perkovi,M,21.5.1957,022/6218441,Sisaka Cesta 24,Zagreb
Saa,Deli,M,2.13.1944,020/7039769,Rapska 25,Zagreb
Marina,Perkovi,,23.11.1987,01/8460197,Sitaa 25,Zagreb
tefica,Cindri,,24.12.1993,01/7179367,Baneki 2,Zagreb
Dragica,Perkovi,,26.7.1966,040/20856110,Dravogradski Put 28,Zagreb
Anja,Vuk ,,12.4.1936,042/1551351,Dore Pejaevi 3,Zagreb
Sonja,Vuk ,,28.6.1967,021/9375733,Sedinii Odvojak 28,Zagreb
Jurica,Stankovi,M,24.8.1954,040/2699269,Romak 20,Zagreb
Hrvoje,Pavlovi,M,5.2.1978,031/6378527,Rijeka 7,Zagreb
Josip,Vuki,M,2.4.1990,01/8646282,"Andria, Josipa 18",Zagreb
Jana,Mari,,11.13.1952,095/1434996,Maranska 4,Zagreb
Kreimir,Jovi,M,21.1.1950,091/7372750,Banovke 2,Zagreb
Gordan,Novosel,M,25.11.1940,040/4093621,Maieva 29,Zagreb
Katarina,Kovai,,21.9.1995,091/4830326,Rogoznika 13,Zagreb
Safet,Kuan,M,19.7.1964,095/2430946,Rasinjska 5,Zagreb
Rajka,Juri,,5.12.1978,031/4354416,"Matka, Janka 15",Zagreb
Ivica,Jovi,M,5.11.1942,022/5567935,Sigeteka 30,Zagreb
